{
    "counter": {
        "ACTIVE": 17169,
        "INACTIVE": 3831,
        "INVALID": 0,
        "MALICIOUS": 0,
        "SANE": 0,
        "VALID": 0,
        "total": 21000
    },
    "percentage": {
        "ACTIVE": 81.75714285714285,
        "INACTIVE": 18.256767060617612,
        "INVALID": 0,
        "MALICIOUS": 0,
        "SANE": 0,
        "VALID": 0,
        "total": 100.01390991776046
    }
}