{
    "counter": {
        "ACTIVE": 15093,
        "INACTIVE": 5907,
        "INVALID": 0,
        "MALICIOUS": 0,
        "SANE": 0,
        "VALID": 0,
        "total": 21000
    },
    "percentage": {
        "ACTIVE": 71.87142857142857,
        "INACTIVE": 28.12857142857143,
        "INVALID": 0.0,
        "MALICIOUS": 0.0,
        "SANE": 0.0,
        "VALID": 0.0,
        "total": 100.0
    }
}