{
    "counter": {
        "ACTIVE": 17439,
        "INACTIVE": 3560,
        "INVALID": 1,
        "MALICIOUS": 0,
        "SANE": 0,
        "VALID": 0,
        "total": 21000
    },
    "percentage": {
        "ACTIVE": 83.04285714285714,
        "INACTIVE": 16.953188247059384,
        "INVALID": 0.005289885738468049,
        "MALICIOUS": 0,
        "SANE": 0,
        "VALID": 0,
        "total": 100.001335275655
    }
}