{
    "counter": {
        "ACTIVE": 17329,
        "INACTIVE": 3671,
        "INVALID": 0,
        "MALICIOUS": 0,
        "SANE": 0,
        "VALID": 0,
        "total": 21000
    },
    "percentage": {
        "ACTIVE": 82.5229772846326,
        "INACTIVE": 17.48095238095238,
        "INVALID": 0,
        "MALICIOUS": 0,
        "SANE": 0,
        "VALID": 0,
        "total": 100.00392966558499
    }
}