{
    "counter": {
        "ACTIVE": 17438,
        "INACTIVE": 3562,
        "INVALID": 0,
        "MALICIOUS": 0,
        "SANE": 0,
        "VALID": 0,
        "total": 21000
    },
    "percentage": {
        "ACTIVE": 83.03809523809524,
        "INACTIVE": 16.96998570747975,
        "INVALID": 0,
        "MALICIOUS": 0,
        "SANE": 0,
        "VALID": 0,
        "total": 100.00808094557499
    }
}