{
    "counter": {
        "ACTIVE": 17362,
        "INACTIVE": 3638,
        "INVALID": 0,
        "MALICIOUS": 0,
        "SANE": 0,
        "VALID": 0,
        "total": 21000
    },
    "percentage": {
        "ACTIVE": 82.67619047619047,
        "INACTIVE": 17.33701868089973,
        "INVALID": 0,
        "MALICIOUS": 0,
        "SANE": 0,
        "VALID": 0,
        "total": 100.0132091570902
    }
}