{
    "counter": {
        "ACTIVE": 14972,
        "INACTIVE": 6028,
        "INVALID": 0,
        "MALICIOUS": 0,
        "SANE": 0,
        "VALID": 0,
        "total": 21000
    },
    "percentage": {
        "ACTIVE": 71.29523809523809,
        "INACTIVE": 28.704761904761906,
        "INVALID": 0.0,
        "MALICIOUS": 0.0,
        "SANE": 0.0,
        "VALID": 0.0,
        "total": 100.0
    }
}