{
    "counter": {
        "ACTIVE": 16012,
        "INACTIVE": 4988,
        "INVALID": 0,
        "MALICIOUS": 0,
        "SANE": 0,
        "VALID": 0,
        "total": 21000
    },
    "percentage": {
        "ACTIVE": 76.25851312092203,
        "INACTIVE": 23.752380952380953,
        "INVALID": 0,
        "MALICIOUS": 0,
        "SANE": 0,
        "VALID": 0,
        "total": 100.01089407330298
    }
}