{
    "counter": {
        "ACTIVE": 20056,
        "INACTIVE": 944,
        "INVALID": 0,
        "MALICIOUS": 0,
        "SANE": 0,
        "VALID": 0,
        "total": 21000
    },
    "percentage": {
        "ACTIVE": 95.5047619047619,
        "INACTIVE": 4.498022585410015,
        "INVALID": 0,
        "MALICIOUS": 0,
        "SANE": 0,
        "VALID": 0,
        "total": 100.00278449017192
    }
}