{
    "counter": {
        "ACTIVE": 17107,
        "INACTIVE": 3893,
        "INVALID": 0,
        "MALICIOUS": 0,
        "SANE": 0,
        "VALID": 0,
        "total": 21000
    },
    "percentage": {
        "ACTIVE": 81.46190476190476,
        "INACTIVE": 18.55576739752145,
        "INVALID": 0,
        "MALICIOUS": 0,
        "SANE": 0,
        "VALID": 0,
        "total": 100.01767215942621
    }
}