{
    "counter": {
        "ACTIVE": 15765,
        "INACTIVE": 5235,
        "INVALID": 0,
        "MALICIOUS": 0,
        "SANE": 0,
        "VALID": 0,
        "total": 21000
    },
    "percentage": {
        "ACTIVE": 75.07142857142857,
        "INACTIVE": 24.928571428571427,
        "INVALID": 0.0,
        "MALICIOUS": 0.0,
        "SANE": 0.0,
        "VALID": 0.0,
        "total": 100.0
    }
}