{
    "counter": {
        "ACTIVE": 17827,
        "INACTIVE": 3173,
        "INVALID": 0,
        "MALICIOUS": 0,
        "SANE": 0,
        "VALID": 0,
        "total": 21000
    },
    "percentage": {
        "ACTIVE": 84.89047619047619,
        "INACTIVE": 15.123927550047664,
        "INVALID": 0,
        "MALICIOUS": 0,
        "SANE": 0,
        "VALID": 0,
        "total": 100.01440374052386
    }
}