{
    "counter": {
        "ACTIVE": 15566,
        "INACTIVE": 5434,
        "INVALID": 0,
        "MALICIOUS": 0,
        "SANE": 0,
        "VALID": 0,
        "total": 21000
    },
    "percentage": {
        "ACTIVE": 74.12380952380953,
        "INACTIVE": 25.876190476190477,
        "INVALID": 0.0,
        "MALICIOUS": 0.0,
        "SANE": 0.0,
        "VALID": 0.0,
        "total": 100.0
    }
}