{
    "counter": {
        "ACTIVE": 17587,
        "INACTIVE": 3413,
        "INVALID": 0,
        "MALICIOUS": 0,
        "SANE": 0,
        "VALID": 0,
        "total": 21000
    },
    "percentage": {
        "ACTIVE": 83.74761904761905,
        "INACTIVE": 16.260123868508813,
        "INVALID": 0,
        "MALICIOUS": 0,
        "SANE": 0,
        "VALID": 0,
        "total": 100.00774291612787
    }
}